{
  "best_val_accuracy": 88.13664596273291,
  "final_train_accuracy": 99.45652173913044,
  "train_losses": [
    2.009336479988051,
    1.1321069979046474,
    0.8898100103840935,
    0.7353559397808079,
    0.6158961890353163,
    0.5310359612550984,
    0.44553578396330107,
    0.3777321011992749,
    0.37098664458536035,
    0.312684996343026,
    0.28558198354500475,
    0.14999739480408247,
    0.09150140578298144,
    0.10039897023936475,
    0.06896318627157995,
    0.09048738812700736,
    0.09610738394167806,
    0.08304601510495314,
    0.0675738328153836,
    0.032226500213216984,
    0.03220720665710132,
    0.025731170614849485,
    0.021411801431403598,
    0.0253321450274855,
    0.021425514680928927
  ],
  "train_accuracies": [
    40.72981366459627,
    62.7639751552795,
    71.2111801242236,
    76.14906832298136,
    79.90683229813665,
    82.5776397515528,
    85.43478260869566,
    87.73291925465838,
    88.22981366459628,
    89.79813664596273,
    91.11801242236025,
    95.17080745341615,
    96.972049689441,
    96.77018633540372,
    97.82608695652173,
    97.09627329192547,
    97.25155279503106,
    97.96583850931677,
    98.07453416149069,
    99.08385093167702,
    99.09937888198758,
    99.3167701863354,
    99.27018633540372,
    99.19254658385093,
    99.45652173913044
  ],
  "val_losses": [
    0.9684482559119121,
    0.8235027353362282,
    0.7230961424584436,
    0.6285145357251167,
    0.6687393447402681,
    0.6611687481255815,
    0.5783921094648171,
    0.6673337636829013,
    0.7682127600425098,
    0.7051946404067302,
    0.7558647605894816,
    0.5613387409311784,
    0.6380454596998816,
    0.601483054459167,
    0.6415595747714881,
    0.6509415351596689,
    0.6883591880599996,
    0.7054050493297296,
    0.6424988646101722,
    0.6441358436434055,
    0.686492262664885,
    0.6974984081957655,
    0.6797238097255428,
    0.7343735632018819,
    0.7073406115996117
  ],
  "val_accuracies": [
    65.09316770186335,
    73.66459627329192,
    75.59006211180125,
    79.62732919254658,
    81.11801242236025,
    81.49068322981367,
    83.35403726708074,
    81.11801242236025,
    80.37267080745342,
    83.1055900621118,
    82.85714285714286,
    86.77018633540372,
    86.27329192546584,
    85.96273291925466,
    87.7639751552795,
    85.90062111801242,
    85.77639751552795,
    84.90683229813665,
    87.51552795031056,
    88.13664596273291,
    87.20496894409938,
    87.63975155279503,
    87.5776397515528,
    88.07453416149069,
    87.51552795031056
  ],
  "num_epochs": 25,
  "dataset_info": {
    "balanced": true,
    "images_per_class": 161,
    "total_classes": 50,
    "total_images": 8050
  }
}