{
  "Afghan_hound": {
    "precision": 1.0,
    "recall": 1.0,
    "f1_score": 1.0,
    "support": 30.0,
    "accuracy": 1.0,
    "avg_confidence": 0.9957642038663228,
    "std_confidence": 0.014359370906128885,
    "samples_evaluated": 30
  },
  "Airedale": {
    "precision": 0.875,
    "recall": 0.9333333333333333,
    "f1_score": 0.9032258064516129,
    "support": 30.0,
    "accuracy": 0.9333333333333333,
    "avg_confidence": 0.961730827887853,
    "std_confidence": 0.13428457104639543,
    "samples_evaluated": 30
  },
  "Australian_terrier": {
    "precision": 0.8695652173913043,
    "recall": 0.6896551724137931,
    "f1_score": 0.7692307692307693,
    "support": 29.0,
    "accuracy": 0.6896551724137931,
    "avg_confidence": 0.9197229743003845,
    "std_confidence": 0.12915049813101426,
    "samples_evaluated": 29
  },
  "Bedlington_terrier": {
    "precision": 0.9615384615384616,
    "recall": 0.9259259259259259,
    "f1_score": 0.9433962264150944,
    "support": 27.0,
    "accuracy": 0.9259259259259259,
    "avg_confidence": 0.9767341547542148,
    "std_confidence": 0.0674892196149575,
    "samples_evaluated": 27
  },
  "Bernese_mountain_dog": {
    "precision": 0.9375,
    "recall": 1.0,
    "f1_score": 0.967741935483871,
    "support": 30.0,
    "accuracy": 1.0,
    "avg_confidence": 0.9999855518341064,
    "std_confidence": 2.9476762213016072e-05,
    "samples_evaluated": 30
  },
  "Blenheim_spaniel": {
    "precision": 0.9259259259259259,
    "recall": 0.8928571428571429,
    "f1_score": 0.9090909090909091,
    "support": 28.0,
    "accuracy": 0.8928571428571429,
    "avg_confidence": 0.8896551885242973,
    "std_confidence": 0.22268759077102443,
    "samples_evaluated": 28
  },
  "Border_terrier": {
    "precision": 0.9523809523809523,
    "recall": 0.7692307692307693,
    "f1_score": 0.851063829787234,
    "support": 26.0,
    "accuracy": 0.7692307692307693,
    "avg_confidence": 0.9488706955542932,
    "std_confidence": 0.10002137703691265,
    "samples_evaluated": 26
  },
  "Boston_bull": {
    "precision": 1.0,
    "recall": 0.8888888888888888,
    "f1_score": 0.9411764705882353,
    "support": 27.0,
    "accuracy": 0.8888888888888888,
    "avg_confidence": 0.9410074154535929,
    "std_confidence": 0.14579638418869242,
    "samples_evaluated": 27
  },
  "Dandie_Dinmont": {
    "precision": 0.896551724137931,
    "recall": 1.0,
    "f1_score": 0.9454545454545454,
    "support": 26.0,
    "accuracy": 1.0,
    "avg_confidence": 0.9882264549915607,
    "std_confidence": 0.04725785272165203,
    "samples_evaluated": 26
  },
  "EntleBucher": {
    "precision": 0.9354838709677419,
    "recall": 0.9666666666666667,
    "f1_score": 0.9508196721311475,
    "support": 30.0,
    "accuracy": 0.9666666666666667,
    "avg_confidence": 0.9942193627357483,
    "std_confidence": 0.030584506346651455,
    "samples_evaluated": 30
  },
  "Great_Pyrenees": {
    "precision": 0.967741935483871,
    "recall": 1.0,
    "f1_score": 0.9836065573770492,
    "support": 30.0,
    "accuracy": 1.0,
    "avg_confidence": 0.9979430496692657,
    "std_confidence": 0.01021805996765362,
    "samples_evaluated": 30
  },
  "Ibizan_hound": {
    "precision": 0.8846153846153846,
    "recall": 0.8214285714285714,
    "f1_score": 0.8518518518518519,
    "support": 28.0,
    "accuracy": 0.8214285714285714,
    "avg_confidence": 0.9398701467684337,
    "std_confidence": 0.1408024074969303,
    "samples_evaluated": 28
  },
  "Irish_wolfhound": {
    "precision": 0.8285714285714286,
    "recall": 0.9666666666666667,
    "f1_score": 0.8923076923076924,
    "support": 30.0,
    "accuracy": 0.9666666666666667,
    "avg_confidence": 0.9718852907419204,
    "std_confidence": 0.10246711950729158,
    "samples_evaluated": 30
  },
  "Italian_greyhound": {
    "precision": 0.7407407407407407,
    "recall": 0.7407407407407407,
    "f1_score": 0.7407407407407407,
    "support": 27.0,
    "accuracy": 0.7407407407407407,
    "avg_confidence": 0.8980854109481529,
    "std_confidence": 0.1427009997101277,
    "samples_evaluated": 27
  },
  "Japanese_spaniel": {
    "precision": 0.8571428571428571,
    "recall": 0.8888888888888888,
    "f1_score": 0.8727272727272727,
    "support": 27.0,
    "accuracy": 0.8888888888888888,
    "avg_confidence": 0.9889389144049751,
    "std_confidence": 0.05009219002328881,
    "samples_evaluated": 27
  },
  "Kerry_blue_terrier": {
    "precision": 0.8571428571428571,
    "recall": 0.9230769230769231,
    "f1_score": 0.8888888888888888,
    "support": 26.0,
    "accuracy": 0.9230769230769231,
    "avg_confidence": 0.9730781717942312,
    "std_confidence": 0.13338099781613683,
    "samples_evaluated": 26
  },
  "Labrador_retriever": {
    "precision": 0.92,
    "recall": 0.92,
    "f1_score": 0.92,
    "support": 25.0,
    "accuracy": 0.92,
    "avg_confidence": 0.984688606262207,
    "std_confidence": 0.0616083333969603,
    "samples_evaluated": 25
  },
  "Lakeland_terrier": {
    "precision": 0.7586206896551724,
    "recall": 0.7586206896551724,
    "f1_score": 0.7586206896551724,
    "support": 29.0,
    "accuracy": 0.7586206896551724,
    "avg_confidence": 0.9371624938372908,
    "std_confidence": 0.12600544957629645,
    "samples_evaluated": 29
  },
  "Leonberg": {
    "precision": 0.967741935483871,
    "recall": 1.0,
    "f1_score": 0.9836065573770492,
    "support": 30.0,
    "accuracy": 1.0,
    "avg_confidence": 0.9995988766352336,
    "std_confidence": 0.0017525476267530107,
    "samples_evaluated": 30
  },
  "Lhasa": {
    "precision": 0.8333333333333334,
    "recall": 0.5357142857142857,
    "f1_score": 0.6521739130434783,
    "support": 28.0,
    "accuracy": 0.5357142857142857,
    "avg_confidence": 0.8916594875710351,
    "std_confidence": 0.15277323043606567,
    "samples_evaluated": 28
  },
  "Maltese_dog": {
    "precision": 0.8333333333333334,
    "recall": 1.0,
    "f1_score": 0.9090909090909091,
    "support": 30.0,
    "accuracy": 1.0,
    "avg_confidence": 0.9992675662040711,
    "std_confidence": 0.0019924493306613536,
    "samples_evaluated": 30
  },
  "Newfoundland": {
    "precision": 0.9,
    "recall": 0.9310344827586207,
    "f1_score": 0.9152542372881356,
    "support": 29.0,
    "accuracy": 0.9310344827586207,
    "avg_confidence": 0.9557880009042805,
    "std_confidence": 0.14248106345351502,
    "samples_evaluated": 29
  },
  "Norfolk_terrier": {
    "precision": 0.5806451612903226,
    "recall": 0.6923076923076923,
    "f1_score": 0.631578947368421,
    "support": 26.0,
    "accuracy": 0.6923076923076923,
    "avg_confidence": 0.9133276870617499,
    "std_confidence": 0.15049529540541354,
    "samples_evaluated": 26
  },
  "Norwegian_elkhound": {
    "precision": 0.9,
    "recall": 0.9310344827586207,
    "f1_score": 0.9152542372881356,
    "support": 29.0,
    "accuracy": 0.9310344827586207,
    "avg_confidence": 0.9867004854925747,
    "std_confidence": 0.04945091870555678,
    "samples_evaluated": 29
  },
  "Norwich_terrier": {
    "precision": 0.5897435897435898,
    "recall": 0.8518518518518519,
    "f1_score": 0.696969696969697,
    "support": 27.0,
    "accuracy": 0.8518518518518519,
    "avg_confidence": 0.9208523609020092,
    "std_confidence": 0.1363695451379816,
    "samples_evaluated": 27
  },
  "Pembroke": {
    "precision": 0.8571428571428571,
    "recall": 0.8888888888888888,
    "f1_score": 0.8727272727272727,
    "support": 27.0,
    "accuracy": 0.8888888888888888,
    "avg_confidence": 0.962233011369352,
    "std_confidence": 0.12566235768455541,
    "samples_evaluated": 27
  },
  "Pomeranian": {
    "precision": 0.9666666666666667,
    "recall": 0.9666666666666667,
    "f1_score": 0.9666666666666667,
    "support": 30.0,